sample_id,target
ID1001187975__Dry_Green_g,23.784875869750977
ID1001187975__Dry_Dead_g,35.25547409057617
ID1001187975__Dry_Clover_g,0.37250351905822754
ID1001187975__GDM_g,25.003372192382812
ID1001187975__Dry_Total_g,60.901954650878906
